{"cameraMode":{"drawMode":0,"name":"Shaded","section":"Shading Mode"},"sceneLighting":true,"audioPlay":false,"sceneViewState":{"showFog":true,"showMaterialUpdate":false,"showSkybox":true,"showFlares":true,"showImageEffects":true,"showParticleSystems":true,"showVisualEffectGraphs":true,"m_FxEnabled":true},"in2DMode":false,"pivot":{"x":3.718066930770874,"y":-19.74936294555664,"z":-15.742158889770508},"rotation":{"x":0.0029852953739464285,"y":0.9211690425872803,"z":-0.3893602192401886,"w":0.008108429610729218},"size":17.053693771362306,"orthographic":false}