{"cameraMode":{"drawMode":0,"name":"Shaded","section":"Shading Mode"},"sceneLighting":true,"audioPlay":false,"sceneViewState":{"showFog":true,"showMaterialUpdate":false,"showSkybox":true,"showFlares":true,"showImageEffects":true,"showParticleSystems":true,"showVisualEffectGraphs":true,"m_FxEnabled":true},"in2DMode":false,"pivot":{"x":150.82708740234376,"y":369.28729248046877,"z":1.3774518966674805},"rotation":{"x":0.04747874289751053,"y":-0.03880275785923004,"z":-0.003939367830753326,"w":-0.9984589219093323},"size":149.20724487304688,"orthographic":false}