{"cameraMode":{"drawMode":0,"name":"Shaded","section":"Shading Mode"},"sceneLighting":true,"audioPlay":false,"sceneViewState":{"showFog":true,"showMaterialUpdate":false,"showSkybox":true,"showFlares":true,"showImageEffects":true,"showParticleSystems":true,"showVisualEffectGraphs":true,"m_FxEnabled":true},"in2DMode":false,"pivot":{"x":284.63916015625,"y":482.5948486328125,"z":-0.46962738037109377},"rotation":{"x":-0.011685535311698914,"y":0.019153503701090814,"z":0.0004345073539298028,"w":0.9998343586921692},"size":68.40270233154297,"orthographic":false}