{"cameraMode":{"drawMode":0,"name":"Shaded","section":"Shading Mode"},"sceneLighting":true,"audioPlay":false,"sceneViewState":{"showFog":true,"showMaterialUpdate":false,"showSkybox":true,"showFlares":true,"showImageEffects":true,"showParticleSystems":true,"showVisualEffectGraphs":true,"m_FxEnabled":true},"in2DMode":false,"pivot":{"x":42.408050537109378,"y":3.587775945663452,"z":15.814653396606446},"rotation":{"x":0.09845183044672013,"y":0.11882974952459336,"z":-0.00038158398820087314,"w":-0.9886561632156372},"size":2.8285112380981447,"orthographic":false}