{"cameraMode":{"drawMode":0,"name":"Shaded","section":"Shading Mode"},"sceneLighting":true,"audioPlay":false,"sceneViewState":{"showFog":true,"showMaterialUpdate":false,"showSkybox":true,"showFlares":true,"showImageEffects":true,"showParticleSystems":true,"showVisualEffectGraphs":true,"m_FxEnabled":true},"in2DMode":false,"pivot":{"x":547.9699096679688,"y":6.170762062072754,"z":44.83378982543945},"rotation":{"x":0.34768983721733096,"y":-0.006836493965238333,"z":0.019894419237971307,"w":0.9379283785820007},"size":397.7225646972656,"orthographic":false}