{"cameraMode":{"drawMode":0,"name":"Shaded","section":"Shading Mode"},"sceneLighting":true,"audioPlay":false,"sceneViewState":{"showFog":true,"showMaterialUpdate":false,"showSkybox":true,"showFlares":true,"showImageEffects":true,"showParticleSystems":true,"showVisualEffectGraphs":true,"m_FxEnabled":true},"in2DMode":false,"pivot":{"x":429.931884765625,"y":238.88104248046876,"z":10.9969482421875},"rotation":{"x":-0.030889471992850305,"y":-0.02456241101026535,"z":0.0006170935230329633,"w":-0.9992685914039612},"size":241.57696533203126,"orthographic":false}