{"cameraMode":{"drawMode":0,"name":"Shaded","section":"Shading Mode"},"sceneLighting":true,"audioPlay":false,"sceneViewState":{"showFog":true,"showMaterialUpdate":false,"showSkybox":true,"showFlares":true,"showImageEffects":true,"showParticleSystems":true,"showVisualEffectGraphs":true,"m_FxEnabled":true},"in2DMode":false,"pivot":{"x":173.53280639648438,"y":400.1026611328125,"z":-0.3080902099609375},"rotation":{"x":0.060596052557229999,"y":-0.06436670571565628,"z":-0.019941918551921846,"w":-0.9964411854743958},"size":108.18077087402344,"orthographic":false}