{"cameraMode":{"drawMode":0,"name":"Shaded","section":"Shading Mode"},"sceneLighting":true,"audioPlay":false,"sceneViewState":{"showFog":true,"showMaterialUpdate":false,"showSkybox":true,"showFlares":true,"showImageEffects":true,"showParticleSystems":true,"showVisualEffectGraphs":true,"m_FxEnabled":true},"in2DMode":false,"pivot":{"x":632.1685180664063,"y":382.7309265136719,"z":29.259002685546876},"rotation":{"x":0.02480984665453434,"y":0.9729446172714233,"z":-0.22942571341991425,"w":0.034281134605407718},"size":105.99630737304688,"orthographic":false}